{"cameraMode":{"drawMode":0,"name":"Shaded","section":"Shading Mode"},"sceneLighting":true,"audioPlay":false,"sceneViewState":{"showFog":true,"showMaterialUpdate":false,"showSkybox":true,"showFlares":true,"showImageEffects":true,"showParticleSystems":true,"showVisualEffectGraphs":true,"m_FxEnabled":true},"in2DMode":false,"pivot":{"x":-0.0271148681640625,"y":0.11059427261352539,"z":0.3929862976074219},"rotation":{"x":0.11209090054035187,"y":-0.42703676223754885,"z":0.053442150354385379,"w":0.8956709504127502},"size":1.5801012516021729,"orthographic":false}